{"hyper_params": {"dtw_inertia": false, "init": "k-means++", "max_iter": 50, "max_iter_barycenter": 10, "metric": "dtw", "metric_params": null, "n_clusters": 1, "n_init": 2, "n_jobs": null, "random_state": 0, "tol": 1e-06, "verbose": true}, "model_params": {"cluster_centers_": [[[0.9435384545761806], [0.5013870986238602], [0.7864999969800314], [0.8983333309491475], [0.8941666632890701], [0.8924999932448069], [0.8933333257834116], [0.8958333283662796], [0.8958333283662796], [0.8958333283662796], [0.9400952401615323], [0.917000005642573], [1.0721739064092222], [1.326216220855713], [2.114499992132187]]], "inertia_": 1.9900090528419172, "labels_": [0, 0, 0, 0, 0, 0, 0, 0, 0, 0, 0, 0], "n_iter_": 3}}