{"hyper_params": {"dtw_inertia": false, "init": "k-means++", "max_iter": 50, "max_iter_barycenter": 100, "metric": "euclidean", "metric_params": null, "n_clusters": 1, "n_init": 1, "n_jobs": null, "random_state": 0, "tol": 1e-06, "verbose": true}, "model_params": {"cluster_centers_": [[[0.8496666693439087], [0.8232791597644488], [0.8525833388169607], [0.8514083176851273], [0.8906249950329462], [0.8705833318332831], [0.8811666617790858], [0.9384583408633868], [0.9176916715999445], [0.978791669011116], [1.0419541721542676], [1.097083338846763], [1.2463749945163727], [1.5991666515668232], [2.149999996026357]]], "inertia_": 2.7882280091862026, "labels_": [0, 0, 0, 0, 0, 0, 0, 0, 0, 0, 0, 0], "n_iter_": 3}}