{"hyper_params": {"dtw_inertia": false, "init": "k-means++", "max_iter": 50, "max_iter_barycenter": 100, "metric": "softdtw", "metric_params": {"gamma": 0.01}, "n_clusters": 1, "n_init": 1, "n_jobs": null, "random_state": 0, "tol": 1e-06, "verbose": true}, "model_params": {"cluster_centers_": [[[0.940345557910214], [0.49881915370613916], [0.7731269673154874], [0.8609127415524308], [0.8861795626732608], [0.899690782599494], [0.907742843110587], [0.9153643397132324], [0.9273892542809856], [0.9495644472639765], [0.9907399576314642], [1.0266342986846115], [1.130318094431895], [1.3825373588918648], [2.156844755318315]]], "inertia_": 9.682061051221151, "labels_": [0, 0, 0, 0, 0, 0, 0, 0, 0, 0, 0, 0], "n_iter_": 41}}