{"hyper_params": {"dtw_inertia": false, "init": "k-means++", "max_iter": 50, "max_iter_barycenter": 10, "metric": "dtw", "metric_params": null, "n_clusters": 3, "n_init": 2, "n_jobs": null, "random_state": 0, "tol": 1e-06, "verbose": true}, "model_params": {"cluster_centers_": [[[0.13263693555822204], [0.05574376029673503], [0.2934477277535294], [0.3361142802655856], [0.30964881881748585], [0.6757664386110576], [0.5168693834301921], [0.758016442097636], [0.7416088595291859], [0.7440787276888123], [0.9647763827206757], [1.5359583940059782], [3.3907462234068384], [2.4949721385708674], [2.2127245313646835]], [[0.364859960169812], [0.6802276703221463], [0.6163854625298087], [0.6163854625298087], [0.5827303228202598], [0.6082723809117505], [0.7837171989726355], [0.6445885692661619], [0.30880574084102097], [0.579397633797213], [0.6784989732270887], [0.9368346531859457], [1.0727816598901698], [1.720253219453264], [3.7888333434103325]], [[0.48996074361246933], [0.591624598885367], [0.24012853957874017], [0.04060232274536555], [0.10567789378996711], [0.09682318560765091], [0.02895560081786688], [0.23564425462140304], [0.47929417646918765], [0.8125186339262989], [2.3980197722013616], [2.9607486326955055], [2.472059630162152], [1.990266764924857], [2.099568825980231]]], "inertia_": 1.0244520495042353, "labels_": [0, 0, 2, 0, 0, 0, 0, 0, 2, 2, 2, 2, 1, 0, 1, 1, 1, 1, 1, 0, 1, 0, 1, 1, 0, 0, 2, 0, 0, 0, 0, 0, 2, 2, 2, 2], "n_iter_": 4}}