{"hyper_params": {"dtw_inertia": false, "init": "k-means++", "max_iter": 50, "max_iter_barycenter": 10, "metric": "dtw", "metric_params": null, "n_clusters": 1, "n_init": 2, "n_jobs": null, "random_state": 0, "tol": 1e-06, "verbose": true}, "model_params": {"cluster_centers_": [[[0.7351049985736609], [0.6285384649840685], [0.9714999906718731], [0.8365416582673788], [0.8371249915411074], [0.837499991680185], [0.8377416580915451], [0.8399999948839346], [0.8307714212153638], [0.8428333283712466], [0.8425833278646071], [0.8421416611721118], [0.8359999897388312], [0.9511944450851944], [1.215833754837513]]], "inertia_": 1.3766011466053938, "labels_": [0, 0, 0, 0, 0, 0, 0, 0, 0, 0, 0, 0], "n_iter_": 3}}