{"hyper_params": {"dtw_inertia": false, "init": "k-means++", "max_iter": 50, "max_iter_barycenter": 100, "metric": "euclidean", "metric_params": null, "n_clusters": 1, "n_init": 1, "n_jobs": null, "random_state": 0, "tol": 1e-06, "verbose": true}, "model_params": {"cluster_centers_": [[[0.7677450012415648], [0.7684166648735603], [0.8149999932696422], [0.8111250009387732], [0.8512083323051532], [0.8219999950379133], [0.8307416662573814], [0.8401666569213072], [0.8759833332151175], [0.8735833348085483], [0.9260833356529474], [0.9253916721791029], [0.9830833338201046], [1.0116666698207457], [1.0644458383321762]]], "inertia_": 1.6674190385943006, "labels_": [0, 0, 0, 0, 0, 0, 0, 0, 0, 0, 0, 0], "n_iter_": 3}}