{"hyper_params": {"dtw_inertia": false, "init": "k-means++", "max_iter": 50, "max_iter_barycenter": 100, "metric": "softdtw", "metric_params": {"gamma": 0.01}, "n_clusters": 1, "n_init": 1, "n_jobs": null, "random_state": 0, "tol": 1e-06, "verbose": true}, "model_params": {"cluster_centers_": [[[0.7494472357021221], [0.62905715593094], [0.8086499955651062], [0.8283404426136707], [0.9520573508025366], [0.8274420088500161], [0.8151160264698125], [0.811884737407937], [0.8153553724826366], [0.8211466753757878], [0.8239963632130207], [0.8335616646108702], [0.8640062783451227], [0.9705794315778312], [1.2216600683034118]]], "inertia_": 8.330995487476965, "labels_": [0, 0, 0, 0, 0, 0, 0, 0, 0, 0, 0, 0], "n_iter_": 21}}