{"hyper_params": {"dtw_inertia": false, "init": "k-means++", "max_iter": 50, "max_iter_barycenter": 100, "metric": "euclidean", "metric_params": null, "n_clusters": 3, "n_init": 1, "n_jobs": null, "random_state": 0, "tol": 1e-06, "verbose": true}, "model_params": {"cluster_centers_": [[[0.49931536236754204], [0.34430601283540585], [0.40227669125683896], [0.32533310083246625], [0.21415544378210002], [0.3983700855367735], [0.3808229741007174], [0.5245783076784857], [0.5208356760579773], [0.6041544573160055], [0.957015495782075], [1.7723343675688725], [3.4119168450787387], [2.446584834078749], [2.1980003457272486]], [[0.33717043240462247], [0.28199070148653393], [0.4195358565791683], [0.4013168419801668], [0.48239091317594524], [0.41920605577313275], [0.4274461093203375], [0.6314214850070463], [0.6545761899815123], [0.782696735999696], [1.0874444650592736], [1.263611710780759], [1.5740942296786615], [2.7248385871036445], [3.5122596856694983]], [[0.15382038074902712], [0.3433826602783724], [0.1557934733422185], [0.1491353167083093], [0.2001409109954002], [0.222219331570151], [0.27892298457017867], [0.48017648021193626], [0.6451175669325073], [0.9486660349963664], [2.2447286864815372], [2.940065860439225], [2.3671169312115183], [1.8588054244848127], [2.0119079570284404]]], "inertia_": 1.8576805063129302, "labels_": [0, 1, 2, 0, 2, 0, 2, 1, 2, 0, 2, 0, 1, 1, 1, 1, 1, 1, 1, 1, 1, 0, 1, 1, 0, 1, 2, 0, 2, 0, 2, 1, 2, 0, 2, 0], "n_iter_": 3}}