{"hyper_params": {"dtw_inertia": false, "init": "k-means++", "max_iter": 50, "max_iter_barycenter": 10, "metric": "dtw", "metric_params": null, "n_clusters": 1, "n_init": 2, "n_jobs": null, "random_state": 0, "tol": 1e-06, "verbose": true}, "model_params": {"cluster_centers_": [[[0.7995771310885113], [0.6177831522576568], [0.6149137742984443], [0.5874481499429384], [0.7075993640689704], [0.8519771397419869], [0.8229531748778849], [0.9701536721740256], [0.9434686640361397], [0.9434686640361397], [0.9434686640361397], [0.9601492037730622], [1.1211123873700084], [1.6757770187527978], [2.3753860275882803]]], "inertia_": 0.3532485519833973, "labels_": [0, 0, 0, 0, 0, 0, 0, 0, 0, 0, 0, 0], "n_iter_": 3}}