{"hyper_params": {"dtw_inertia": false, "init": "k-means++", "max_iter": 50, "max_iter_barycenter": 100, "metric": "euclidean", "metric_params": null, "n_clusters": 1, "n_init": 1, "n_jobs": null, "random_state": 0, "tol": 1e-06, "verbose": true}, "model_params": {"cluster_centers_": [[[0.7165234818003875], [0.691416949265154], [0.7651460507348048], [0.7514378379082175], [0.7839582171469677], [0.711826217382067], [0.7153106550800307], [0.7955442090590575], [0.7809661174880839], [0.8614978283375375], [0.9460570141005714], [1.0482898740229154], [1.2703152594841842], [1.7791385732592957], [2.3825717149307257]]], "inertia_": 0.5408774103511299, "labels_": [0, 0, 0, 0, 0, 0, 0, 0, 0, 0, 0, 0], "n_iter_": 3}}