{"hyper_params": {"dtw_inertia": false, "init": "k-means++", "max_iter": 50, "max_iter_barycenter": 100, "metric": "softdtw", "metric_params": {"gamma": 0.01}, "n_clusters": 1, "n_init": 1, "n_jobs": null, "random_state": 0, "tol": 1e-06, "verbose": true}, "model_params": {"cluster_centers_": [[[0.7187708819435583], [0.628917716212859], [0.8488791032458112], [0.7959677833988472], [0.6816272013307096], [0.6964525682389716], [0.74199836872675], [0.7930567587616879], [0.8225680719291588], [0.8358461041463973], [0.8648844982585872], [0.9770261821965911], [1.1101771918047874], [1.675338665602273], [2.373823123905596]]], "inertia_": 0.08946695421644268, "labels_": [0, 0, 0, 0, 0, 0, 0, 0, 0, 0, 0, 0], "n_iter_": 34}}