{"hyper_params": {"dtw_inertia": false, "init": "k-means++", "max_iter": 50, "max_iter_barycenter": 100, "metric": "softdtw", "metric_params": {"gamma": 0.01}, "n_clusters": 3, "n_init": 1, "n_jobs": null, "random_state": 0, "tol": 1e-06, "verbose": true}, "model_params": {"cluster_centers_": [[[0.37869759007968345], [0.06609276582428246], [0.23702701856094927], [0.2889056061739775], [0.3276508158649695], [0.5925855399134128], [0.5622210192109024], [0.5500379506224327], [0.5552505698751464], [0.5971187530022594], [0.8803123852827827], [1.468643699452946], [3.1971455425759783], [2.5044556261060813], [2.084445154314888]], [[0.27709238975639344], [0.596073675343649], [0.6062557890402499], [0.5958081456280677], [0.5838238096621597], [0.5864932089480388], [0.5929843116268498], [0.5815507253761032], [0.5738294824611186], [0.5971552232638705], [1.062669962233367], [0.9655356347467228], [1.1028018052428235], [1.4488859487690002], [4.473745647573543]], [[0.4572928446579433], [0.2699598495077685], [0.8203029469733123], [0.6367202901979802], [0.6220529654008123], [0.26265254113041403], [0.4188958740559586], [0.440442741095946], [0.7071103450736781], [0.7117780311151816], [0.7299302140893433], [0.9273056352471128], [1.3682391451507605], [2.7833705644803706], [3.60074319588011]]], "inertia_": 1.3736820707446091, "labels_": [0, 0, 0, 0, 0, 0, 0, 0, 0, 0, 0, 0, 1, 2, 2, 2, 1, 2, 1, 0, 2, 2, 2, 2, 0, 0, 0, 0, 0, 0, 0, 0, 0, 0, 0, 0], "n_iter_": 19}}