{"hyper_params": {"dtw_inertia": false, "init": "k-means++", "max_iter": 50, "max_iter_barycenter": 10, "metric": "dtw", "metric_params": null, "n_clusters": 1, "n_init": 2, "n_jobs": null, "random_state": 0, "tol": 1e-06, "verbose": true}, "model_params": {"cluster_centers_": [[[0.4266155220407315], [0.6258393985883455], [0.727589983141654], [0.6568033743488236], [0.6532422233592359], [0.579339067877523], [0.5445456639743521], [0.6298964326191154], [1.3090593820159628], [0.7199568000930288], [1.4505137605278409], [1.2328313347684896], [1.6069507563210712], [1.5769863031594755], [1.834356563798143]]], "inertia_": 0.8770652988802384, "labels_": [0, 0, 0, 0, 0, 0, 0, 0, 0, 0, 0, 0], "n_iter_": 3}}