{"hyper_params": {"dtw_inertia": false, "init": "k-means++", "max_iter": 50, "max_iter_barycenter": 100, "metric": "euclidean", "metric_params": null, "n_clusters": 1, "n_init": 1, "n_jobs": null, "random_state": 0, "tol": 1e-06, "verbose": true}, "model_params": {"cluster_centers_": [[[0.48602547401531915], [0.546934816006171], [0.8232050732875282], [0.7542492538725428], [0.9789676153652408], [0.8556018795063866], [0.8868056197530895], [0.8355991840614861], [0.9318136670623544], [1.0015466512328584], [1.0986887638831024], [1.1026492400491612], [1.3706141061807828], [1.4913772394539067], [1.8359214162700699]]], "inertia_": 2.0252793478902995, "labels_": [0, 0, 0, 0, 0, 0, 0, 0, 0, 0, 0, 0], "n_iter_": 3}}