{"hyper_params": {"dtw_inertia": false, "init": "k-means++", "max_iter": 50, "max_iter_barycenter": 100, "metric": "softdtw", "metric_params": {"gamma": 0.01}, "n_clusters": 1, "n_init": 1, "n_jobs": null, "random_state": 0, "tol": 1e-06, "verbose": true}, "model_params": {"cluster_centers_": [[[0.4306356204839591], [0.6349692400096667], [1.309278096041753], [1.1143775963884515], [1.1151669368762822], [1.0243824006003952], [1.2246313479036393], [1.0611026076566026], [0.6036556682591686], [0.9638514330838347], [0.9387475840917869], [0.9854022316120575], [1.556912111789807], [1.3027705912490477], [1.7752059688093964]]], "inertia_": 0.8171299732414966, "labels_": [0, 0, 0, 0, 0, 0, 0, 0, 0, 0, 0, 0], "n_iter_": 8}}