{"hyper_params": {"dtw_inertia": false, "init": "k-means++", "max_iter": 50, "max_iter_barycenter": 10, "metric": "dtw", "metric_params": null, "n_clusters": 1, "n_init": 2, "n_jobs": null, "random_state": 0, "tol": 1e-06, "verbose": true}, "model_params": {"cluster_centers_": [[[0.6898820364795323], [0.536065873820859], [0.5683999571920124], [0.6376315960317268], [0.6658148356486882], [0.8052229725748666], [0.7594501488911349], [0.7961383691701719], [0.794357136244329], [0.8118425338016754], [0.9382894492504237], [1.2326519095804322], [2.091797500064754], [1.7441999583529513], [1.5300872685975127]]], "inertia_": 0.2858172126523183, "labels_": [0, 0, 0, 0, 0, 0, 0, 0, 0, 0, 0, 0], "n_iter_": 3}}