{"hyper_params": {"dtw_inertia": false, "init": "k-means++", "max_iter": 50, "max_iter_barycenter": 100, "metric": "euclidean", "metric_params": null, "n_clusters": 1, "n_init": 1, "n_jobs": null, "random_state": 0, "tol": 1e-06, "verbose": true}, "model_params": {"cluster_centers_": [[[0.6435763690915265], [0.6428551350814062], [0.6231773118395756], [0.6053179540863648], [0.5995413641181054], [0.6626776224173626], [0.6713024683061249], [0.7697997384223129], [0.8178296694994064], [0.8999346362569639], [1.3037657490811168], [1.6394074027669012], [1.8817937880321003], [1.6598695930842904], [1.5791511979164417]]], "inertia_": 0.6697339139698809, "labels_": [0, 0, 0, 0, 0, 0, 0, 0, 0, 0, 0, 0], "n_iter_": 3}}