{"hyper_params": {"dtw_inertia": false, "init": "k-means++", "max_iter": 50, "max_iter_barycenter": 100, "metric": "softdtw", "metric_params": {"gamma": 0.01}, "n_clusters": 1, "n_init": 1, "n_jobs": null, "random_state": 0, "tol": 1e-06, "verbose": true}, "model_params": {"cluster_centers_": [[[0.6844799332781795], [0.5547954153291048], [0.566165703602581], [0.5975565710097669], [0.628700869264176], [0.6592387115606718], [0.6954896541422645], [0.73744192073822], [0.7790458282185994], [0.8169288764397848], [0.9231752108358829], [1.2304462458487795], [2.089678944529862], [1.7414423728984418], [1.5331133513406743]]], "inertia_": 0.06532699440876985, "labels_": [0, 0, 0, 0, 0, 0, 0, 0, 0, 0, 0, 0], "n_iter_": 19}}