{"hyper_params": {"dtw_inertia": false, "init": "k-means++", "max_iter": 50, "max_iter_barycenter": 10, "metric": "dtw", "metric_params": null, "n_clusters": 1, "n_init": 2, "n_jobs": null, "random_state": 0, "tol": 1e-06, "verbose": true}, "model_params": {"cluster_centers_": [[[0.5961932439256359], [0.8916428514889307], [0.9469259270915278], [1.046666661898295], [1.0266666511694589], [1.0266666511694589], [1.0299999813238778], [1.0299999813238778], [1.0299999813238778], [1.0366666515668232], [1.179583340883255], [1.5196296241548326], [2.3355555600590177], [1.7602083186308541], [1.733230762756788]]], "inertia_": 2.6293569109331116, "labels_": [0, 0, 0, 0, 0, 0, 0, 0, 0, 0, 0, 0], "n_iter_": 3}}