{"hyper_params": {"dtw_inertia": false, "init": "k-means++", "max_iter": 50, "max_iter_barycenter": 100, "metric": "euclidean", "metric_params": null, "n_clusters": 1, "n_init": 1, "n_jobs": null, "random_state": 0, "tol": 1e-06, "verbose": true}, "model_params": {"cluster_centers_": [[[0.8625833292802175], [0.8755749960740408], [0.8640416612227758], [0.8859166664381822], [0.8915833383798599], [0.9401250059405962], [0.9401916600763798], [1.0421250065167744], [1.072787510852019], [1.1495833334823449], [1.4947083195050557], [1.8241666456063588], [1.9850000143051147], [1.7852083345254262], [1.7451666568716366]]], "inertia_": 3.835981774658706, "labels_": [0, 0, 0, 0, 0, 0, 0, 0, 0, 0, 0, 0], "n_iter_": 3}}