{"hyper_params": {"dtw_inertia": false, "init": "k-means++", "max_iter": 50, "max_iter_barycenter": 100, "metric": "softdtw", "metric_params": {"gamma": 0.01}, "n_clusters": 1, "n_init": 1, "n_jobs": null, "random_state": 0, "tol": 1e-06, "verbose": true}, "model_params": {"cluster_centers_": [[[0.91007809319538], [0.7977887549351969], [0.5990237487648539], [0.9027264388480346], [0.9242240296322644], [0.9342769022085647], [0.9484760770457189], [0.9755440466186911], [1.0119019866877725], [1.0489828100087215], [1.1699423472658605], [1.5169540105558468], [2.3333090666148313], [1.7583616920158358], [1.7369018773126104]]], "inertia_": 20.981695573030375, "labels_": [0, 0, 0, 0, 0, 0, 0, 0, 0, 0, 0, 0], "n_iter_": 17}}