{"hyper_params": {"dtw_inertia": false, "init": "k-means++", "max_iter": 50, "max_iter_barycenter": 10, "metric": "dtw", "metric_params": null, "n_clusters": 2, "n_init": 2, "n_jobs": null, "random_state": 0, "tol": 1e-06, "verbose": true}, "model_params": {"cluster_centers_": [[[0.7604791661724448], [0.9782222211360931], [1.1447826157445493], [1.092857145127796], [1.0971428666796001], [1.0971428666796001], [1.0971428666796001], [1.0971428666796001], [1.0869565113731052], [0.9967777762148115], [1.0909523793629237], [1.087619043531872], [1.1581481606871993], [1.331874998907248], [1.8448387038323186]], [[0.11403833495246034], [0.22175000111262], [0.22341666618982947], [0.21808333198229468], [0.21808333198229468], [0.1655111114184061], [0.2281166662772496], [0.2281166662772496], [0.2281166662772496], [0.2281166662772496], [0.2281166662772496], [0.2281166662772496], [0.34157000780105595], [0.2967833379904429], [0.5555944442749023]]], "inertia_": 0.9684321974937302, "labels_": [0, 1, 0, 0, 0, 0, 0, 0, 0, 1, 0, 0, 0, 0, 0, 0, 0, 0, 0, 0, 0, 1, 0, 0], "n_iter_": 3}}