{"hyper_params": {"dtw_inertia": false, "init": "k-means++", "max_iter": 50, "max_iter_barycenter": 100, "metric": "euclidean", "metric_params": null, "n_clusters": 2, "n_init": 1, "n_jobs": null, "random_state": 0, "tol": 1e-06, "verbose": true}, "model_params": {"cluster_centers_": [[[1.0001000046730042], [0.9744999945163727], [1.0060000002384186], [1.0045999884605408], [1.0660999894142151], [1.033600002527237], [1.05450000166893], [1.1013000071048737], [1.0950000047683717], [1.1619999945163726], [1.2419999957084655], [1.2970000088214875], [1.4339999914169312], [1.821999990940094], [2.4619999885559083]], [[0.6719957143068314], [0.6682392821780273], [0.7107857130467892], [0.7074571384915284], [0.731500002422503], [0.7124999926558563], [0.7141357085534504], [0.7378928501691137], [0.7552928578640733], [0.7577500071908746], [0.799746438328709], [0.8071214317211083], [0.8866785732763154], [0.9364285676607064], [0.9966678661959512]]], "inertia_": 1.4841146813923574, "labels_": [1, 1, 1, 1, 1, 1, 0, 0, 1, 1, 1, 1, 0, 1, 0, 0, 0, 1, 0, 0, 0, 1, 1, 0], "n_iter_": 6}}