{"hyper_params": {"dtw_inertia": false, "init": "k-means++", "max_iter": 50, "max_iter_barycenter": 100, "metric": "softdtw", "metric_params": {"gamma": 0.01}, "n_clusters": 2, "n_init": 1, "n_jobs": null, "random_state": 0, "tol": 1e-06, "verbose": true}, "model_params": {"cluster_centers_": [[[0.9609967240468625], [0.8664036194992029], [0.8947726881053598], [0.7949645927754956], [1.0414560659421457], [1.025793024887583], [1.00690474248906], [1.0310602967856985], [1.0744848035850179], [1.1124725289274315], [1.125078556316963], [1.137488146956726], [1.1613929892446386], [1.3370326415806228], [1.8663386973807476]], [[0.13770651005745038], [0.2512298631178094], [0.2436189494594345], [0.23062316632019125], [0.2210941656743575], [0.22810732234825656], [0.24194171629268416], [0.2546660553885785], [0.26759163981860384], [0.2847919413755069], [0.30633390486395934], [0.3247137150490505], [0.3344021561435839], [0.3709458712404557], [0.6809525819210518]]], "inertia_": 1.6057301449381336, "labels_": [0, 1, 0, 0, 0, 0, 0, 0, 0, 1, 0, 0, 0, 1, 0, 0, 0, 0, 0, 0, 0, 1, 0, 0], "n_iter_": 39}}